Number,Theme,Subtheme,Year,SetName,Minifigs,Pieces,UKPrice,USPrice,CAPrice,EAN,UPC,Notes,QtyOwned,NewValue(USD),UsedValue(USD)
"620-3","Bricks and More","",2010,"Blue Building Plate",,1,6.99,4.99,7.99,5702014602724,673419130783,"",1,9.5300,11.7600,
"626-1","Basic","Supplementaries",1996,"Building Plate, Green",,1,6.99,4.99,7.99,5702014906260,,"",1,6.0000,5.8200,
"628-1","Basic","Supplementaries",1996,"X-Large Baseplate Grey",,1,10.49,14.99,19.99,5702010906284,,"",1,13.3700,10.7500,
"2143-1","HERO Factory","",2011,"Rocka 3.0",,30,7.99,7.99,10.99,5702014735484,673419145442,"",1,18.1800,6.4500,
"2144-1","HERO Factory","",2011,"Nex 3.0",,29,7.99,7.99,10.99,,673419145459,"",1,23.1100,5.0000,
"2145-1","HERO Factory","",2011,"Stormer 3.0",,31,7.99,7.99,10.99,5702014735507,673419145466,"",1,21.9000,7.0000,
"2182-1","HERO Factory","",2011,"Bulk 3.0",,30,7.99,7.99,10.99,,673419145473,"",1,46.6900,27.7700,
"2183-1","HERO Factory","",2011,"Stringer 3.0",,30,7.99,7.99,10.99,,673419145480,"",1,14.8100,9.9500,
"2191-1","HERO Factory","",2011,"Furno 3.0",,28,7.99,7.99,10.99,,673419145497,"",1,,4.7700,
"2232-1","HERO Factory","",2011,"Raw-Jaw",,52,9.99,12.99,17.99,,673419144230,"",1,33.0000,7.8400,
"2233-1","HERO Factory","",2011,"Fangz",,55,9.99,12.99,17.99,,673419144247,"",1,35.9400,9.5900,
"2236-1","HERO Factory","",2011,"Scorpio",,104,17.99,24.99,29.99,,673419144261,"",1,38.7000,10.9000,
"2283-1","HERO Factory","",2011,"Witch Doctor",,331,25.99,29.99,39.99,,673419145510,"",1,59.9900,25.0000,
"2504-1","Ninjago","Spinners",2011,"Spinjitzu Dojo",3,373,30.99,49.99,64.99,,673419144865,"",1,64.9900,20.0000,
"3566-1","Sports","Basketball",2003,"NBA Collectors # 7",3,12,4.99,8,,,,"",1,25.1900,21.9400,
"4172-1","Creator","",2001,"Tina's House",1,43,3.99,4,,,,"",2,9.0600,,
"4432-1","City","Traffic",2012,"Garbage Truck",2,208,17.99,19.99,24.99,5702015000789,673419196253,"",2,26.0700,11.2500,
"4526-1","DC Comics Super Heroes","Constraction",2012,"Batman",,40,10.99,14.99,17.99,5702014836785,673419166553,"",1,41.8400,14.5700,
"4528-1","DC Comics Super Heroes","Constraction",2012,"Green Lantern",,38,10.99,14.99,17.99,,673419166577,"",1,30.0000,13.4600,
"4529-1","Marvel Super Heroes","Constraction",2012,"Iron Man",,44,10.99,14.99,17.99,,673419166584,"",1,79.9000,29.9900,
"4530-1","Marvel Super Heroes","Constraction",2012,"The Hulk",,39,10.99,14.99,17.99,,673419166591,"",1,24.5800,13.9500,
"4597-1","Marvel Super Heroes","Constraction",2012,"Captain America",,44,10.99,14.99,17.99,,673419166607,"",1,45.0000,15.2300,
"5615-1","Castle","Fantasy Era",2008,"The Knight",1,21,1.99,3.49,,5702014515918,673419101608,"",1,4.9900,3.7100,
"5994-1","Castle","Knights' Kingdom II",2005,"Catapult",,27,,1,,,673419062770,"",2,3.0000,1.4900,
"6200-2","HERO Factory","",2012,"Evo",,36,6.99,8.99,11.99,5702014840089,673419167307,"",1,14.9500,7.9900,
"6201-1","HERO Factory","",2012,"Toxic Reapa",,42,6.99,8.99,11.99,5702014840102,673419167314,"",1,19.5400,8.9500,
"6203-1","HERO Factory","",2012,"Black Phantom",,124,14.99,19.99,24.99,5702014840065,673419167284,"",1,54.8700,30.0000,
"6216-1","HERO Factory","",2012,"Jawblade",,45,6.99,8.99,11.99,5702014840133,673419167352,"",1,27.3800,4.4000,
"6217-1","HERO Factory","",2012,"Surge",,39,6.99,8.99,11.99,5702014840140,673419167369,"",1,,9.2900,
"6218-1","HERO Factory","",2012,"Splitface",,50,9.99,12.99,15.99,5702014840157,673419167376,"",1,45.1800,5.6400,
"6221-1","HERO Factory","",2012,"Nex",,39,6.99,8.99,11.99,5702014840843,673419167802,"",1,10.7400,7.1900,
"6222-1","HERO Factory","",2012,"Core Hunter",,51,9.99,12.99,15.99,5702014840850,673419167819,"",1,30.1300,8.6700,
"6223-1","HERO Factory","",2012,"Bulk",,61,9.99,12.99,15.99,5702014840867,673419167826,"",1,14.6300,5.4200,
"6227-1","HERO Factory","",2012,"Breez",,55,9.99,12.99,15.99,5702014840874,673419167833,"",2,20.7700,8.9300,
"6228-1","HERO Factory","",2012,"Thornraxx",,44,6.99,8.99,11.99,5702014840171,673419167383,"",1,24.0000,6.5700,
"6229-1","HERO Factory","",2012,"XT4",,39,6.99,8.99,11.99,5702014840881,673419167840,"",1,8.2000,4.4800,
"6230-1","HERO Factory","",2012,"Stormer XL",,89,14.99,24.99,29.99,5702014840041,673419167260,"",1,36.2500,14.0000,
"6231-1","HERO Factory","",2012,"Speeda Demon",,192,24.99,34.99,44.99,,673419167277,"",1,23.5500,18.8000,
"6282-1","HERO Factory","",2012,"Stringer",,42,6.99,8.99,11.99,5702014840928,673419167895,"",1,32.3400,6.4300,
"6283-1","HERO Factory","",2012,"Voltix",,61,9.99,12.99,15.99,5702014840942,673419167918,"",1,17.1500,10.0000,
"6293-1","HERO Factory","",2012,"Furno",,56,9.99,12.99,15.99,5702014840188,673419167796,"",1,41.4400,9.9500,
"6858-1","DC Comics Super Heroes","Batman",2012,"Catwoman Catcycle City Chase",2,89,11.99,12.99,15.99,5702014842298,673419168335,"",1,15.0000,8.9900,
"6862-2","DC Comics Super Heroes","Superman",2012,"Superman vs. Power Armor Lex",3,207,19.99,19.99,24.99,5702014842335,673419168366,"",1,13.5000,9.4700,
"6865-1","Marvel Super Heroes","Avengers",2012,"Captain America's Avenging Cycle",3,72,11.99,12.99,15.99,5702014842397,673419168434,"",1,23.0000,12.0000,
"6866-1","Marvel Super Heroes","Comics",2012,"Wolverine's Chopper Showdown",3,199,19.99,19.99,24.99,5702014842403,673419168441,"",1,115.0000,60.0000,
"6867-1","Marvel Super Heroes","Avengers",2012,"Loki's Cosmic Cube Escape",3,181,19.99,19.99,24.99,,673419168458,"",1,31.0000,18.0000,
"6869-1","Marvel Super Heroes","Avengers",2012,"Quinjet Aerial Battle",5,735,69.99,69.99,89.99,5702014842434,673419168472,"",1,69.9900,55.0000,
"6914-1","Creator","",2012,"Prehistoric Hunters",,191,12.99,17.99,19.99,5702014838406,673419167185,"",1,20.0000,16.0000,
"7147-1","HERO Factory","",2010,"XPlode",,45,9.99,12.99,17.99,,673419130417,"",1,23.7500,3.3600,
"7148-1","HERO Factory","",2010,"Meltdown",,50,9.99,12.99,17.99,,673419130424,"",1,40.0000,7.0000,
"7156-1","HERO Factory","",2010,"Corroder",,40,9.99,12.99,17.99,,673419130431,"",1,14.4000,4.4800,
"7158-1","HERO Factory","",2010,"Furno Bike",,165,19.99,29.99,39.99,,673419130455,"",1,74.9900,25.0000,
"7279-1","City","Police",2011,"Police Minifigure Collection",4,57,8.49,9.99,12.99,5702014725041,673419142120,"",1,8.1000,5.3300,
"7286-1","City","Police",2011,"Prisoner Transport",2,173,13.99,19.99,24.99,5702014724051,673419142045,"",1,25.0000,6.9000,
"7292-1","Creator","",2012,"Propeller Adventures",,241,17.99,19.99,24.99,5702014839991,673419167215,"",1,19.8000,17.5500,
"7316-1","Space","Life On Mars",2001,"Excavation Searcher",3,471,39.99,50,,,,"",1,49.9500,9.0000,
"7345-1","Creator","",2012,"Transport Chopper",,383,24.99,34.99,44.99,5702014840003,673419167222,"",1,39.9900,20.6000,
"7346-1","Creator","",2012,"Seaside House",1,415,34.99,49.99,59.99,5702014840010,673419167239,"",1,43.5000,32.7300,
"7913-1","Star Wars","The Clone Wars",2011,"Clone Trooper Battle Pack",4,85,11.99,12.99,14.99,5702014734258,673419144490,"",1,13.5000,9.9900,
"7914-1","Star Wars","The Clone Wars",2011,"Mandalorian Battle Pack",4,68,11.99,12.99,14.99,5702014734265,673419144506,"",3,18.0000,4.0000,
"7915-1","Star Wars","Legends",2011,"Imperial V-wing Starfighter",2,139,24.99,19.99,24.99,5702014734272,673419144513,"",1,29.9900,12.0000,
"8002-1","Star Wars","Technic",2000,"Destroyer Droid",,558,,50,,,042884080020,"",1,197.2600,59.9900,
"8083-1","Star Wars","Episode V",2010,"Rebel Trooper Battle Pack",4,79,9.99,11.99,14.99,5702014601222,673419129008,"",1,7.0000,5.5800,
"8411-1","Ben 10: Alien Force","",2010,"ChromaStone",,21,12.99,14.99,19.99,,673419130844,"",1,16.2100,6.9900,
"8699-1","Bionicle","Warriors",2008,"Takanuva",,267,19.55,29.99,,,673419102216,"",1,80.0000,35.0000,
"8831-2","Collectable Minifigures","Series 07",2012,"Aztec Warrior",1,7,1.99,2.99,,,,"",1,,,
"8831-5","Collectable Minifigures","Series 07",2012,"Ocean King",1,7,1.99,2.99,,,,"",1,,,
"8831-7","Collectable Minifigures","Series 07",2012,"Daredevil",1,8,1.99,2.99,,,,"",2,,,
"8831-10","Collectable Minifigures","Series 07",2012,"Jungle Boy",1,7,1.99,2.99,3.49,,,"",1,,,
"8831-12","Collectable Minifigures","Series 07",2012,"Computer Programmer",1,7,1.99,2.99,,,,"",1,,,
"8831-16","Collectable Minifigures","Series 07",2012,"Grandma Visitor",1,7,1.99,2.99,,,,"",1,,,
"9093-1","Racers","",2012,"Bone Cruncher",1,87,7.99,9.99,12.99,,673419167765,"",1,15.0000,5.0000,
"9095-1","Racers","",2012,"Nitro Predator",1,87,7.99,9.99,12.99,,673419167789,"",1,11.4000,,
"9391-1","Technic","",2012,"Tracked Crane",,218,14.99,19.99,24.99,,673419166942,"",1,40.1600,14.8000,
"9398-1","Technic","",2012,"4x4 Crawler",,1327,139.99,199.99,249.99,5702014837522,,"",1,186.0000,127.7700,
"9461-1","Monster Fighters","",2012,"The Swamp Creature",2,70,4.99,6.99,9.99,5702014836440,673419166485,"",1,9.0000,4.9900,
"9490-1","Star Wars","Episode IV",2012,"Droid Escape",4,137,19.99,19.99,24.99,5702014840430,673419167581,"",1,23.6100,10.0000,
"9491-1","Star Wars","The Clone Wars",2012,"Geonosian Cannon",4,132,19.99,19.99,24.99,5702014840447,673419167598,"",1,18.0000,2.0000,
"9492-1","Star Wars","Episode IV",2012,"TIE Fighter",4,413,49.99,54.99,69.99,5702014840454,673419167857,"",1,58.0000,35.0000,
"9498-1","Star Wars","The Clone Wars",2012,"Saesee Tiin's Jedi Starfighter",3,244,29.99,29.99,39.99,5702014840935,673419167901,"",1,34.0900,24.0000,
"9674-1","Star Wars","Planet Set",2012,"Naboo Starfighter & Naboo",1,56,9.99,9.99,12.99,5702014841109,673419168069,"",1,6.0000,3.8700,
"9676-1","Star Wars","Planet Set",2012,"TIE Interceptor & Death Star",1,65,9.99,9.99,12.99,5702014841123,673419168083,"",1,16.6000,10.1400,
"9677-1","Star Wars","Planet Set",2012,"X-wing Starfighter & Yavin 4",1,77,9.99,9.99,12.99,5702014841130,673419168090,"",1,12.9200,5.5900,
"9678-1","Star Wars","Planet Set",2012,"Twin-Pod Cloud Car & Bespin",1,78,9.99,9.99,12.99,5702014841161,673419168106,"",1,5.0000,6.3400,
"9679-1","Star Wars","Planet Set",2012,"AT-ST & Endor",1,65,9.99,9.99,12.99,5702014841215,673419168113,"",1,10.0000,6.9900,
"10227-1","Star Wars","Ultimate Collector Series",2012,"B-Wing Starfighter",,1487,169.99,199.99,249.99,5702014846739,673419169189,"",1,284.1500,250.0000,
"10243-1","Advanced Models","Modular Buildings",2014,"Parisian Restaurant",5,2469,142.99,159.99,189.99,5702015122672,,"",1,125.0000,100.0000,
"10245-1","Advanced Models","Winter Village",2014,"Santa's Workshop",6,883,59.99,69.99,89.99,5702015122696,,"",1,74.7500,67.4300,
"10246-1","Advanced Models","Modular Buildings",2015,"Detective's Office",6,2262,142.99,159.99,199.99,5702015348386,,"",1,125.9200,100.0000,
"10249-1","Advanced Models","Winter Village",2015,"Winter Toy Shop",8,898,64.99,79.99,99.99,,,"",1,69.1700,60.0000,
"10251-1","Advanced Models","Modular Buildings",2016,"Brick Bank",5,2380,129.99,169.99,219.99,5702015591058,,"",1,131.9300,100.0000,
"10699-1","Classic","",2015,"32x32 Sand Baseplate",,1,6.99,7.99,9.99,5702015357135,673419232838,"",1,5.2700,5.1600,
"20200-1","Master Builder Academy","",2011,"Space Designer",1,178,,29.99,,,673419157445,"",1,24.9900,19.0000,
"21103-1","Ideas","Licensed",2013,"The DeLorean Time Machine",2,401,34.99,34.99,44.99,5702015064835,,"",1,75.0000,60.0000,
"21109-1","Ideas","",2014,"Exo-Suit",2,321,29.99,34.99,44.99,,673419222389,"",2,5.5900,28.7700,
"21113-1","Minecraft","Minifig-scale",2014,"The Cave",2,249,19.99,19.99,24.99,5702015296526,673419222242,"",1,10.0000,9.8300,
"21114-1","Minecraft","Minifig-scale",2014,"The Farm",2,262,24.99,29.99,39.99,5702015296533,673419222754,"",1,16.9800,23.5000,
"21303-1","Ideas","Licensed",2015,"WALL-E",,677,39.99,59.99,69.99,,,"",1,63.0400,50.6100,
"30010-1","City","Fire",2010,"Fire Chief",1,31,,2.99,,5702014695474,673419153836,"",1,1.6100,1.5000,
"30012-1","City","Airport",2010,"Microlight",1,34,,3.99,,5702014725997,673419153188,"",1,3.3300,2.4700,
"30053-1","Star Wars","The Clone Wars",2011,"Republic Attack Cruiser",,41,,3.99,,,673419158442,"",1,3.7500,2.2500,
"30058-1","Star Wars","Episode I",2012,"STAP",1,24,,,,,673419182010,"",1,6.1000,,
"30062-1","Castle","Kingdoms",2010,"Target Practice",1,31,,3.99,,,673419147378,"",1,6.2600,2.2500,
"30115-1","Friends","Jungle Rescue",2014,"Jungle Boat",1,31,,4.99,,,,"",1,4.1100,,
"30161-1","DC Comics Super Heroes","Batman",2012,"Batmobile",,45,,4,,,673419184458,"",1,6.8000,5.0000,
"30188-1","Creator","",2014,"Cute Kitten ",,54,,,,5702015122719,,"",1,2.5000,2.6600,
"30202-1","Friends","",2015,"Smoothie Stand",1,37,3.99,,,,,"",5,7.9100,3.0000,
"30225-1","City","Coast Guard",2013,"Coast Guard Seaplane",1,37,,3.99,,5702014992405,673419189002,"",8,3.4900,3.4500,
"30230-1","Space","Galaxy Squad",2013,"Mini Mech",1,28,,3.99,,,673419187817,"",1,2.6800,1.4900,
"30240-1","Star Wars","The Clone Wars",2013,"Z-95 Headhunter",,54,,4.99,,5702014966642,673419188135,"",1,2.6500,4.0000,
"30241-1","Star Wars","The Clone Wars",2013,"Mandalorian Fighter",,49,,4.99,,5702014966659,673419188142,"",1,4.6100,4.2500,
"30242-1","Star Wars","The Clone Wars",2013,"Republic Frigate",,45,,4.99,6.99,,673419189255,"",1,7.7100,3.8900,
"30250-1","Legends of Chima","",2013,"Ewar's Acro Fighter",1,33,,3.99,,5702014976368,673419192286,"",1,1.3500,3.6000,
"30251-1","Legends of Chima","",2013,"Winzar's Pack Patrol",1,38,,,,5702014977464,673419192293,"",1,2.5200,,
"30265-1","Legends of Chima","Fire vs. Ice",2014,"Worriz' Fire Bike",1,31,,4.69,,5702015154949,,"",1,1.1300,1.6800,
"30274-1","Star Wars","Rebels",2015,"AT-DP",,65,,,,,,"",1,3.4000,1.5700,
"30275-1","Star Wars","Rebels",2015,"TIE Advanced Prototype",,47,,,,,673419233811,"",1,1.4000,2.0000,
"30280-1","The LEGO Movie","Promotional",2014,"The Piece of Resistance ",1,33,,,,,,"",2,3.9000,3.4900,
"30293-1","Ninjago","Tournament of Elements",2015,"Kai Drifter",1,43,,,,5702015356107,,"",1,0.9900,1.9500,
"30310-1","City","Arctic",2014,"Arctic Scout",1,40,,,,5702015154154,,"",1,1.9500,4.7800,
"30312-1","City","Construction",2015,"Demolition Driller",1,40,,,,5702015357647,673419235051,"",1,2.7500,2.2500,
"30315-1","City","Space",2015,"Space Utility Vehicle",1,37,,3.99,,5702015412575,,"",1,4.0000,2.9900,
"30350-1","City","Volcano Explorers",2016,"Volcano Jackhammer",1,53,,,,,673419251174,"",1,4.4500,,
"30374-1","Nexo Knights","Miscellaneous",2016,"The Lava Slinger",1,40,,,,,,"",3,2.0000,1.0000,
"30474-1","Creator","Seasonal",2016,"Reindeer",,77,,3.49,,,,"",1,3.9500,2.5800,
"30522-1","The LEGO Batman Movie","",2017,"Batman in the Phantom Zone",1,59,,,,,,"",1,3.2500,,
"31003-1","Creator","",2013,"Red Rotors",,145,9.99,14.99,17.99,5702014971950,673419189781,"",1,9.5400,7.9900,
"31010-1","Creator","",2013,"Treehouse",1,356,24.99,29.99,39.99,5702014971554,673419189682,"",1,29.9900,22.0000,
"31011-1","Creator","",2013,"Aviation Adventures",,618,49.99,59.99,79.99,5702014972025,673419189859,"",1,48.9500,36.0000,
"31015-1","Creator","",2014,"Emerald Express",,56,4.99,4.99,6.99,5702015120753,673419213059,"",3,5.0000,4.9900,
"31019-1","Creator","",2014,"Forest Animals",,272,17.99,19.99,24.99,5702015120906,673419209090,"",2,18.3800,13.4000,
"31022-1","Creator","",2014,"Turbo Quad",,186,17.99,24.99,29.99,5702015120944,673419209144,"",1,14.1500,15.1300,
"31025-1","Creator","",2014,"Mountain Hut",1,550,34.99,39.99,49.99,5702015120951,673419209151,"",1,32.5700,28.8200,
"31028-1","Creator","",2015,"Sea Plane",,53,4.99,4.99,6.99,5702015348096,673419229913,"",2,4.0000,2.5000,
"31029-1","Creator","",2015,"Cargo Heli",,132,9.99,9.99,12.99,5702015348089,673419229906,"",2,7.4200,,
"31031-1","Creator","",2015,"Rainforest Animals",,215,12.99,14.99,19.99,5702015348126,673419229944,"",1,12.1100,26.2000,
"31032-1","Creator","",2015,"Red Creatures",,221,12.99,14.99,19.99,5702015348119,673419229937,"",3,14.5000,10.9700,
"31041-1","Creator","",2016,"Construction Vehicles",,64,4.99,4.99,6.99,,673419246910,"",2,3.9400,4.2500,
"31043-1","Creator","",2016,"Chopper Transporter",,124,9.99,9.99,12.99,,673419246972,"",2,6.9800,,
"31050-1","Creator","",2016,"Corner Deli",2,467,27.99,39.99,49.99,5702015590044,673419246880,"",1,27.0000,23.1200,
"31065-1","Creator","",2017,"Park Street Townhouse",2,566,44.99,49.99,64.99,,673419266543,"",1,28.0000,39.1700,
"40034-1","Seasonal","Christmas",2012,"Christmas Train",,82,3.99,4.99,6.99,,673419174152,"",1,5.9900,9.0000,
"40052-1","Seasonal","Spring",2013,"Springtime Scene",2,88,6.99,7.99,9.99,,673419183765,"",1,9.9000,6.0000,
"40067-1","Promotional","Monthly Mini Model Build",2013,"Crab",,37,0,0,,,,"",2,6.8800,,
"40084-1","HERO Factory","",2013,"Accessory Pack",,6,,,,,,"",1,1.0200,2.0000,
"40106-1","Seasonal","Christmas",2014,"Toy Workshop",2,107,,,,,673419212588,"",1,16.0500,12.9900,
"40107-1","Seasonal","Christmas",2014,"Winter Skating Scene",2,129,,,,,673419212595,"",1,15.2600,8.4400,
"40108-1","Creator","",2014,"Balloon Cart",2,66,,4.99,,,673419212076,"",1,18.0000,16.0000,
"40121-1","Seasonal","Easter",2015,"Painting Easter Eggs",2,153,8.49,9.99,11.99,5702015355452,,"",1,10.5300,15.0000,
"40123-1","Seasonal","Thanksgiving",2015,"Thanksgiving Feast",2,158,8.49,9.99,11.99,5702015355674,,"",1,12.0000,12.0000,
"40138-1","Seasonal","Christmas",2015,"Christmas Train",,233,0,0,,,,"",1,0.0400,12.5900,
"40140-1","Creator","",2015,"Flower Cart",1,71,0.01,4.99,,5702015355483,,"",1,10.5000,11.1900,
"41046-1","Friends","Animals series 5",2014,"Brown Bear's River",,37,2.99,3.99,5.99,,673419211918,"",1,3.2000,3.0000,
"41072-1","Elves","",2015,"Naida's Spa Secret",1,249,17.99,19.99,24.99,5702015352758,673419231442,"",1,29.9900,25.0000,
"41074-1","Elves","",2015,"Azari and the Magical Bakery",2,324,24.99,29.99,39.99,5702015352772,673419231664,"",1,28.3300,26.0000,
"41075-1","Elves","",2015,"The Elves' Treetop Hideaway",3,505,39.99,49.99,59.99,5702015352789,673419231671,"",1,37.8000,35.0000,
"41112-1","Friends","Party",2016,"Party Cakes",,50,3.99,4.99,6.99,,673419247481,"",1,4.2200,4.7700,
"41174-1","Elves","",2016,"The Starlight Inn",2,343,24.99,29.99,39.99,,673419249355,"",1,23.3900,22.4900,
"41500-1","Mixels","Series 1",2014,"Flain",,58,2.99,4.99,5.99,,673419207010,"",1,23.0000,8.5000,
"41501-1","Mixels","Series 1",2014,"Vulk",,69,2.99,4.99,5.99,,673419207027,"",1,7.3500,4.0000,
"41502-1","Mixels","Series 1",2014,"Zorch",,45,2.99,4.99,5.99,,673419207034,"",1,8.0000,6.9200,
"41503-1","Mixels","Series 1",2014,"Krader",,66,2.99,4.99,5.99,,673419207041,"",1,9.4200,7.0000,
"41504-1","Mixels","Series 1",2014,"Seismo",,50,2.99,4.99,5.99,,673419209854,"",1,13.9600,7.5000,
"41505-1","Mixels","Series 1",2014,"Shuff",,51,2.99,4.99,5.99,,673419209861,"",1,7.2000,5.5000,
"41506-1","Mixels","Series 1",2014,"Teslo",,54,2.99,4.99,5.99,,673419209878,"",1,0.2900,12.9500,
"41507-1","Mixels","Series 1",2014,"Zaptor",,61,2.99,4.99,5.99,,673419209885,"",1,9.3200,11.9500,
"41508-1","Mixels","Series 1",2014,"Volectro",,70,2.99,4.99,5.99,,673419209892,"",1,17.0000,19.9500,
"41509-1","Mixels","Series 2",2014,"Slumbo",,61,2.99,4.99,5.99,,673419209908,"",1,6.0200,4.5000,
"41510-1","Mixels","Series 2",2014,"Lunk",,51,2.99,4.99,5.99,,673419209915,"",1,5.9800,5.0000,
"41511-1","Mixels","Series 2",2014,"Flurr",,46,2.99,4.99,5.99,,673419209922,"",1,8.4100,9.0000,
"41512-1","Mixels","Series 2",2014,"Chomly",,68,2.99,4.99,5.99,,673419209939,"",1,5.6200,6.2500,
"41513-1","Mixels","Series 2",2014,"Gobba",,57,2.99,4.99,5.99,,673419209946,"",1,5.4700,6.2500,
"41514-1","Mixels","Series 2",2014,"Jawg",,61,2.99,4.99,5.99,,673419209953,"",1,7.3200,8.5000,
"41515-1","Mixels","Series 2",2014,"Kraw",,70,2.99,4.99,5.99,,673419209960,"",1,7.4000,4.0000,
"41516-1","Mixels","Series 2",2014,"Tentro",,69,2.99,4.99,5.99,,673419209977,"",1,10.6700,7.5000,
"41517-1","Mixels","Series 2",2014,"Balk",,68,2.99,4.99,5.99,,673419209984,"",1,5.7800,4.0000,
"41518-1","Mixels","Series 3",2014,"Glomp",,64,2.99,4.99,5.99,,673419209991,"",1,3.9900,2.4900,
"41519-1","Mixels","Series 3",2014,"Glurt",,62,2.99,4.99,5.99,,673419210003,"",1,4.4400,2.7500,
"41520-1","Mixels","Series 3",2014,"Torts",,48,2.99,4.99,5.99,,673419210041,"",1,3.4500,,
"41521-1","Mixels","Series 3",2014,"Footi",,72,2.99,4.99,5.99,,673419211819,"",1,3.7600,3.0000,
"41522-1","Mixels","Series 3",2014,"Scorpi",,70,2.99,4.99,5.99,,673419211826,"",1,8.7400,3.5000,
"41523-1","Mixels","Series 3",2014,"Hoogi",,69,2.99,4.99,5.99,,673419211833,"",1,3.7500,2.7500,
"41524-1","Mixels","Series 3",2014,"Mesmo",,64,2.99,4.99,5.99,,673419211840,"",1,3.8000,5.2500,
"41525-1","Mixels","Series 3",2014,"Magnifo",,61,2.99,4.99,5.99,,673419212151,"",1,3.7500,4.0000,
"41526-1","Mixels","Series 3",2014,"Wizwuz",,70,2.99,4.99,5.99,,673419212168,"",1,8.7400,5.2500,
"41527-1","Mixels","Series 4",2015,"Rokit",,66,2.99,4.99,5.99,5702015356114,673419233088,"",5,4.5000,,
"41528-1","Mixels","Series 4",2015,"Niksput",,62,2.99,4.99,5.99,5702015356121,673419233095,"",6,2.5200,3.0000,
"41529-1","Mixels","Series 4",2015,"Nurp-Naut",,52,2.99,4.99,5.99,5702015356138,673419233101,"",4,0.9900,,
"41530-1","Mixels","Series 4",2015,"Meltus",,66,2.99,4.99,5.99,5702015356145,673419233118,"",1,4.5000,,
"41531-1","Mixels","Series 4",2015,"Flamzer",,60,2.99,4.99,5.99,5702015356152,673419233125,"",1,4.0000,5.2500,
"41532-1","Mixels","Series 4",2015,"Burnard",,59,2.99,4.99,5.99,5702015356169,673419233132,"",1,3.5000,3.5000,
"41533-1","Mixels","Series 4",2015,"Globert",,45,2.99,4.99,5.99,5702015356275,673419233149,"",2,5.0000,6.2500,
"41534-1","Mixels","Series 4",2015,"Vampos",,59,2.99,4.99,5.99,5702015356282,673419233156,"",1,4.4900,4.7500,
"41535-1","Mixels","Series 4",2015,"Boogly",,52,2.99,4.99,5.99,5702015356312,673419233163,"",1,4.5000,2.5000,
"41536-1","Mixels","Series 5",2015,"Gox",,62,3,4.99,5.99,,,"",1,3.4200,,
"41537-1","Mixels","Series 5",2015,"Jinky",,59,3,4.99,5.99,,,"",1,4.9100,2.0000,
"41538-1","Mixels","Series 5",2015,"Kamzo",,58,3,4.99,5.99,,,"",1,2.1900,,
"41545-1","Mixels","Series 6",2015,"Kramm",,68,3,4.99,5.99,5702015356770,673419233286,"",1,3.0000,,
"41546-1","Mixels","Series 6",2015,"Forx",,65,3,4.99,5.99,5702015356787,673419233293,"",1,3.8400,,
"41547-1","Mixels","Series 6",2015,"Wuzzo",,74,3,4.99,5.99,5702015356794,673419233309,"",1,2.7100,3.7400,
"41557-1","Mixels","Series 7",2016,"Camillot",,64,3,4.99,5.99,,673419248808,"",1,3.6900,3.9300,
"41558-1","Mixels","Series 7",2016,"Mixadel",,63,3,4.99,5.99,,673419248815,"",1,3.1900,,
"41559-1","Mixels","Series 7",2016,"Paladum",,64,3,4.99,5.99,,673419248822,"",1,3.0000,,
"42001-1","Technic","",2013,"Mini Off-Roader",,100,7.99,12.99,14.99,5702014973015,,"",1,14.8000,5.3900,
"42002-1","Technic","",2013,"Hovercraft",,170,12.99,19.99,24.99,5702014973022,,"",1,27.4200,8.3200,
"42010-1","Technic","",2013,"Off-road Racer",,160,14.99,19.99,24.99,5702014975613,,"",1,30.2600,13.9700,
"42020-1","Technic","",2014,"Twin Rotor Helicopter",,145,7.99,12.99,14.99,5702015122481,673419210355,"",1,11.7100,5.3300,
"42021-1","Technic","",2014,"Snowmobile",,186,14.99,19.99,24.99,5702015122498,673419210362,"",2,13.2600,8.6000,
"42022-1","Technic","",2014,"Hot Rod",,414,29.99,39.99,49.99,5702015122504,673419210379,"",1,35.8600,25.0000,
"42026-1","Technic","",2014,"Black Champion Racer",,137,17.99,19.99,24.99,5702015122542,673419210416,"",1,26.1000,12.0000,
"42032-1","Technic","",2015,"Compact Tracked Loader",,252,14.99,19.99,24.99,5702015350037,673419230650,"",1,8.6400,9.6900,
"42033-1","Technic","",2015,"Record Breaker",,125,17.99,19.99,24.99,5702015350020,673419230247,"",1,10.0000,10.0000,
"42034-1","Technic","",2015,"Quad Bike",,148,17.99,19.99,24.99,5702015350013,673419230230,"",1,17.3800,11.7900,
"42038-1","Technic","",2015,"Arctic Truck",,913,59.99,84.99,109.99,5702015350051,,"",1,62.0000,58.7400,
"44000-1","HERO Factory","",2013,"FURNO XL",,103,14.99,19.99,24.99,5702014974654,673419190596,"",1,25.9900,11.6100,
"44001-1","HERO Factory","",2013,"PYROX",,50,9.99,12.99,15.99,5702014975040,673419191678,"",1,16.9700,7.9900,
"44002-1","HERO Factory","",2013,"ROCKA",,43,7.99,9.99,11.99,5702014975118,673419191753,"",1,5.9900,6.8000,
"44003-1","HERO Factory","",2013,"SCAROX",,46,7.99,9.99,11.99,5702014976092,673419191739,"",1,11.1400,5.8600,
"44004-1","HERO Factory","",2013,"BULK",,50,7.99,9.99,11.99,5702014975088,673419191722,"",1,7.4900,5.0000,
"44005-1","HERO Factory","",2013,"BRUIZER",,62,9.99,12.99,15.99,5702014975033,673419191661,"",1,12.0000,4.1700,
"44006-1","HERO Factory","",2013,"BREEZ",,49,7.99,9.99,11.99,5702014975071,673419191708,"",1,11.9500,5.0000,
"44007-1","HERO Factory","",2013,"OGRUM",,59,9.99,12.99,15.99,5702014975026,673419191654,"",1,9.9500,7.6500,
"44008-1","HERO Factory","",2013,"SURGE",,66,9.99,12.99,15.99,5702014975019,673419190640,"",1,16.4700,17.0000,
"44009-1","HERO Factory","",2013,"DRAGON BOLT",,149,17.99,19.99,24.99,5702014974647,673419190589,"",1,26.8300,15.1500,
"44010-1","HERO Factory","",2013,"STORMER",,69,9.99,12.99,15.99,5702014975002,673419190633,"",1,21.7500,14.5400,
"44011-1","HERO Factory","",2013,"FROST BEAST",,60,9.99,12.99,15.99,5702014974999,673419190626,"",1,20.3800,6.2700,
"44012-1","HERO Factory","",2013,"EVO",,51,7.99,9.99,11.99,5702014975064,673419191692,"",2,11.1400,6.5000,
"44013-1","HERO Factory","",2013,"AQUAGON",,41,7.99,9.99,11.99,5702014975057,673419191685,"",1,11.6400,4.9600,
"44014-1","HERO Factory","",2013,"JET ROCKA",,290,24.99,34.99,44.99,5702014974630,673419190572,"",1,34.9500,30.0000,
"44015-1","HERO Factory","",2014,"EVO Walker",4,51,8.99,9.99,11.99,5702015114578,673419207096,"",1,11.1400,9.0600,
"44016-1","HERO Factory","",2014,"JAW Beast vs. STORMER",1,49,8.99,9.99,11.99,5702015114592,673419207102,"",1,22.3200,12.8500,
"44017-1","HERO Factory","",2014,"STORMER Freeze Machine",3,88,12.99,14.99,17.99,5702015114639,673419207119,"",1,28.5400,28.5800,
"44018-1","HERO Factory","",2014,"FURNO Jet Machine",2,79,12.99,14.99,17.99,5702015114646,673419207126,"",1,22.0000,,
"44019-1","HERO Factory","",2014,"ROCKA Stealth Machine",2,89,12.99,14.99,17.99,5702015114677,673419207133,"",1,22.0000,11.0900,
"44020-1","HERO Factory","",2014,"FLYER Beast vs. BREEZ",1,91,12.99,14.99,17.99,5702015114691,673419207140,"",1,22.5600,12.0200,
"44021-1","HERO Factory","",2014,"SPLITTER Beast vs. FURNO & EVO",2,108,17.99,19.99,24.99,5702015115247,673419207379,"",1,35.2900,15.9500,
"44022-1","HERO Factory","",2014,"EVO XL Machine",3,193,19.99,24.99,29.99,5702015115254,673419207409,"",1,45.0000,19.0100,
"44026-1","HERO Factory","",2014,"CRYSTAL Beast vs. BULK",1,83,12.99,14.99,17.99,5702015114769,673419207188,"",1,15.8300,14.1800,
"60011-1","City","Coast Guard",2013,"Surfer Rescue",2,32,4.99,6.99,8.99,5702014974111,673419191173,"",1,5.1200,3.7900,
"60017-1","City","Traffic",2013,"Flatbed Truck",2,212,17.99,19.99,24.99,5702014959392,673419187138,"",1,24.8500,14.7500,
"60018-1","City","Traffic",2013,"Cement Mixer",2,221,17.99,19.99,24.99,5702014959408,673419187145,"",2,37.1400,23.0000,
"60032-1","City","Arctic",2014,"Arctic Snowmobile",1,44,4.99,6.99,8.99,5702015119245,673419207614,"",2,5.9500,3.7500,
"60033-1","City","Arctic",2014,"Arctic Ice Crawler",1,113,9.99,14.99,17.99,5702015119252,673419207621,"",1,9.9900,10.0000,
"60034-1","City","Arctic",2014,"Arctic Helicrane",2,262,24.99,39.99,49.99,5702015119269,673419207638,"",1,29.6500,21.0000,
"60035-1","City","Arctic",2014,"Arctic Outpost",3,374,34.99,49.99,59.99,5702015119276,673419207645,"",1,44.9900,30.8600,
"60036-1","City","Arctic",2014,"Arctic Base Camp",7,733,69.99,89.99,109.99,5702015119283,673419207751,"",1,53.6800,55.7900,
"60042-1","City","Police",2014,"High Speed Police Chase",3,110,12.99,19.99,24.99,5702015115452,673419206884,"",1,12.2800,10.0000,
"60050-1","City","Trains",2014,"Train Station",5,423,49.99,64.99,79.99,5702015119313,673419207782,"",1,64.3900,48.3000,
"60052-1","City","Trains",2014,"Cargo Train",4,888,149.99,199.99,229.99,5702015119337,673419207805,"",1,100.0000,24.0000,
"60057-1","City","Traffic",2014,"Camper Van",2,195,17.99,19.99,24.99,5702015115636,673419207560,"",1,33.6100,23.9300,
"60059-1","City","Traffic",2014,"Logging Truck",2,228,17.99,19.99,24.99,5702015115650,673419207584,"",1,43.6900,25.0000,
"60062-1","City","Arctic",2014,"Arctic Icebreaker",7,717,79.99,129.99,149.99,5702015119290,,"",1,129.5900,111.6600,
"60064-1","City","Arctic",2014,"Arctic Supply Plane",3,374,49.99,49.99,59.99,5702015119306,,"",2,101.9600,90.0000,
"60066-1","City","Swamp Police",2015,"Swamp Police Starter Set",4,78,8.99,9.99,12.99,5702015350259,673419230773,"",1,8.1800,5.0000,
"60083-1","City","Traffic",2015,"Snowplough Truck",1,196,17.99,19.99,24.99,5702015350211,673419230636,"",1,20.0000,15.9900,
"70000-1","Legends of Chima","",2013,"Razcal's Glider",1,109,7.99,11.99,14.99,5702014970960,673419189453,"",1,5.9900,2.9800,
"70001-1","Legends of Chima","",2013,"Crawley's Claw Ripper",2,139,12.99,14.99,19.99,5702014971400,673419189439,"",1,11.7300,5.0000,
"70008-1","Legends of Chima","",2013,"Gorzan's Gorilla Striker",4,505,49.99,49.99,59.99,5702014971516,673419189231,"",1,29.0000,24.8600,
"70009-1","Legends of Chima","",2013,"Worriz's Combat Lair",6,664,59.99,69.99,89.99,5702014971530,673419189668,"",1,35.9900,25.0000,
"70113-1","Legends of Chima","Speedorz",2013,"CHI Battles",2,92,14.99,19.99,24.99,5702014972407,673419190121,"",1,11.9000,,
"70141-1","Legends of Chima","Fire vs. Ice",2014,"Vardy's Ice Vulture Glider",2,217,17.99,19.99,24.99,5702015124010,673419210706,"",1,10.0000,,
"70164-1","Ultra Agents","",2014,"Hurricane Heist",4,589,49.99,69.99,89.99,5702015124270,673419210508,"",1,32.9900,21.2800,
"70168-1","Ultra Agents","",2015,"Drillex Diamond Job",2,312,24.99,29.99,39.99,5702015354271,673419232043,"",1,21.0000,15.0000,
"70200-1","Legends of Chima","Constraction",2013,"CHI Laval",,55,10.99,14.99,19.99,5702014975316,673419191852,"",1,12.2800,6.3600,
"70201-1","Legends of Chima","Constraction",2013,"CHI Eris",,67,10.99,14.99,19.99,5702014975309,673419191845,"",1,15.0000,10.5000,
"70202-1","Legends of Chima","Constraction",2013,"CHI Gorzan",,59,10.99,14.99,19.99,5702014975286,673419191821,"",1,9.2100,8.0000,
"70203-1","Legends of Chima","Constraction",2013,"CHI Cragger",,65,10.99,14.99,19.99,5702014975279,673419191814,"",1,14.0000,7.2000,
"70204-1","Legends of Chima","Constraction",2013,"CHI Worriz",,55,10.99,14.99,19.99,5702014975156,673419191791,"",1,12.8900,10.0000,
"70205-1","Legends of Chima","Constraction",2013,"CHI Razar",,68,10.99,14.99,19.99,5702014975132,673419191777,"",1,11.1800,6.9800,
"70312-1","Nexo Knights","Season 1",2016,"Lance's Mecha Horse",3,237,17.99,19.99,24.99,,673419244541,"",1,12.2900,15.0000,
"70327-1","Nexo Knights","Season 1",2016,"The King's Mech",3,375,29.99,29.99,39.99,,,"",1,31.8500,20.0000,
"70330-1","Nexo Knights","Ultimate",2016,"Ultimate Clay",1,72,6.99,9.99,12.99,,673419249232,"",1,6.3300,,
"70334-1","Nexo Knights","Ultimate",2016,"Ultimate Beast Master",1,65,6.99,9.99,12.99,,673419249270,"",1,4.9300,,
"70339-1","Nexo Knights","Ultimate",2016,"Ultimate Flama",1,67,6.99,9.99,12.99,,673419249324,"",1,5.0000,6.5500,
"70366-1","Nexo Knights","Battle Suits",2017,"Battle Suit Lance",1,83,7.99,9.99,12.99,,673419266284,"",1,8.4400,,
"70400-1","Castle","",2013,"Forest Ambush",4,90,7.99,11.99,14.99,5702014973053,673419190657,"",6,8.9900,8.5000,
"70401-1","Castle","",2013,"Gold Getaway",3,199,17.99,19.99,24.99,5702014973060,673419190664,"",1,17.9900,17.0000,
"70402-1","Castle","",2013,"The Gatehouse Raid",4,248,24.99,29.99,39.99,5702014973077,673419190671,"",1,37.3900,31.1800,
"70403-1","Castle","",2013,"Dragon Mountain",5,376,34.99,49.99,59.99,5702014973084,673419190688,"",1,64.9900,55.0000,
"70404-1","Castle","",2013,"King's Castle",7,996,79.99,99.99,129.99,5702014973091,673419190695,"",1,170.0000,115.2200,
"70500-1","Ninjago","The Final Battle",2013,"Kai's Fire Mech",2,102,7.99,9.99,12.99,5702014972872,673419190299,"",2,19.0000,14.0000,
"70503-1","Ninjago","The Final Battle",2013,"The Golden Dragon",3,252,24.99,29.99,39.99,5702014972902,673419190329,"",1,57.0000,24.0000,
"70504-1","Ninjago","The Final Battle",2013,"Garmatron",3,328,29.99,39.99,49.99,5702014972919,673419190336,"",1,39.6000,31.2500,
"70505-1","Ninjago","The Final Battle",2013,"Temple of Light",5,565,59.99,69.99,89.99,5702014972926,673419190343,"",1,75.0000,40.0000,
"70592-1","Ninjago","Day of the Departed",2016,"Salvage M.E.C.",4,439,39.99,39.99,49.99,,673419254533,"",1,25.0000,,
"70594-1","Ninjago","Skybound",2016,"The Lighthouse Siege",8,767,59.99,69.99,89.99,,673419254656,"",1,40.5500,42.3600,
"70612-1","The LEGO Ninjago Movie","",2017,"Green Ninja Mech Dragon",2,544,44.99,49.99,64.99,,673419248389,"",1,40.0000,,
"70700-1","Space","Galaxy Squad",2013,"Space Swarmer",2,86,7.99,11.99,14.99,5702014974708,673419191357,"",1,9.0000,5.0000,
"70701-1","Space","Galaxy Squad",2013,"Swarm Interceptor",2,218,17.99,19.99,24.99,5702014974715,673419191364,"",1,21.3500,14.9500,
"70703-1","Space","Galaxy Squad",2013,"Star Slicer",3,311,34.99,39.99,49.99,5702014975163,,"",1,22.4200,25.0000,
"70705-1","Space","Galaxy Squad",2013,"Bug Obliterator",4,711,59.99,79.99,99.99,5702014975125,673419191760,"",1,45.9000,35.0000,
"70706-1","Space","Galaxy Squad",2013,"Crater Creeper",2,171,17.99,19.99,24.99,5702014975095,673419191746,"",1,9.9500,10.0000,
"70707-1","Space","Galaxy Squad",2013,"CLS-89 Eradicator Mech",2,440,34.99,39.99,49.99,5702014974982,673419191715,"",1,36.0000,36.6100,
"70709-1","Space","Galaxy Squad",2013,"Galactic Titan",5,1012,79.99,99.99,129.99,5702014974661,673419190602,"",1,70.0000,75.0000,
"70723-1","Ninjago","Rebooted",2014,"Thunder Raider",3,334,24.99,29.99,39.99,5702015121095,673419209298,"",1,44.1300,24.6000,
"70779-1","Bionicle","Companions",2015,"Protector of Stone",,73,9.99,9.99,12.99,5702015350990,673419231022,"",1,8.4900,7.0800,
"70780-1","Bionicle","Companions",2015,"Protector of Water",,71,9.99,9.99,12.99,5702015350983,673419231015,"",1,8.5700,5.4000,
"70781-1","Bionicle","Companions",2015,"Protector of Earth",,66,9.99,9.99,12.99,5702015350976,673419231053,"",1,10.0000,7.9900,
"70782-1","Bionicle","Companions",2015,"Protector of Ice",,68,9.99,9.99,12.99,5702015350860,673419231008,"",1,9.0600,7.6800,
"70785-1","Bionicle","Toa",2015,"Pohatu - Master of Stone",,66,12.99,14.99,17.99,5702015350839,673419230964,"",1,9.0000,9.0000,
"70787-1","Bionicle","Toa",2015,"Tahu - Master of Fire",,89,14.99,19.99,24.99,5702015350419,673419230742,"",1,12.0000,9.0000,
"70788-1","Bionicle","Toa",2015,"Kopaka - Master of Ice",,97,14.99,19.99,24.99,5702015350365,673419230735,"",1,16.6500,14.5000,
"70789-1","Bionicle","Toa",2015,"Onua - Master of Earth",,108,14.99,19.99,24.99,5702015350358,673419230728,"",1,13.0000,12.2500,
"70790-1","Bionicle","Reboot Villains",2015,"Lord of Skull Spiders",,145,12.99,14.99,17.99,5702015350334,673419230711,"",2,9.0000,7.2300,
"70791-1","Bionicle","Reboot Villains",2015,"Skull Warrior",,102,12.99,14.99,17.99,5702015350327,673419230704,"",1,5.8000,,
"70793-1","Bionicle","Reboot Villains",2015,"Skull Basher",,72,12.99,14.99,17.99,5702015350280,673419230681,"",1,5.3900,,
"70795-1","Bionicle","Miscellaneous",2015,"Mask Maker vs. Skull Grinder",,171,24.99,29.99,39.99,5702015348461,673419229517,"",1,21.0000,31.3400,
"70801-1","The LEGO Movie","",2014,"Melting Room",3,122,11.99,12.99,15.99,5702015121224,673419209793,"",1,9.0000,7.9900,
"70804-1","The LEGO Movie","2 in 1",2014,"Ice Cream Machine",3,344,24.99,29.99,39.99,5702015121255,673419209823,"",1,25.0000,15.0500,
"70807-1","The LEGO Movie","",2014,"MetalBeard's Duel",3,412,29.99,34.99,44.99,5702015122283,673419210157,"",1,37.4900,25.0000,
"70816-1","The LEGO Movie","",2014,"Benny's Spaceship, Spaceship, SPACESHIP!",7,940,79.99,99.99,119.99,5702015122474,673419210249,"",1,84.9500,7.3900,
"70818-1","The LEGO Movie","",2015,"Double-Decker Couch",5,197,14.99,14.99,17.99,5702015391573,673419237192,"",1,22.0000,14.9900,
"70904-1","The LEGO Batman Movie","",2017,"Clayface Splat Attack",2,448,29.99,34.99,44.99,,673419267137,"",1,22.5200,,
"71000-1","Collectable Minifigures","Series 09",2013,"Waiter",1,7,1.99,2.99,,5702014973497,,"",2,156.6600,94.5000,
"71000-2","Collectable Minifigures","Series 09",2013,"Cyclops",1,6,1.99,2.99,,5702014973497,,"",1,,,
"71000-3","Collectable Minifigures","Series 09",2013,"Hollywood Starlet",1,6,1.99,2.99,,5702014973497,,"",1,,,
"71000-4","Collectable Minifigures","Series 09",2013,"Heroic Knight",1,10,1.99,2.99,,5702014973497,,"",1,,,
"71000-5","Collectable Minifigures","Series 09",2013,"Roman Emperor",1,6,1.99,2.99,,5702014973497,,"",1,,,
"71000-6","Collectable Minifigures","Series 09",2013,"Policeman",1,7,1.99,2.99,,5702014973497,,"",1,,,
"71000-7","Collectable Minifigures","Series 09",2013,"Chicken Suit Guy",1,4,1.99,2.99,,5702014973497,,"",2,,,
"71000-8","Collectable Minifigures","Series 09",2013,"Roller Derby Girl",1,7,1.99,2.99,,5702014973497,,"",1,,,
"71000-9","Collectable Minifigures","Series 09",2013,"Fortune Teller",1,7,1.99,2.99,3.49,5702014973497,,"",1,,,
"71000-10","Collectable Minifigures","Series 09",2013,"Judge",1,7,1.99,2.99,3.49,5702014973497,,"",1,,,
"71000-11","Collectable Minifigures","Series 09",2013,"Alien Avenger",1,7,1.99,2.99,,5702014973497,,"",1,,,
"71000-12","Collectable Minifigures","Series 09",2013,"Mermaid",1,6,1.99,2.99,,5702014973497,,"",1,,,
"71000-13","Collectable Minifigures","Series 09",2013,"Battle Mech",1,6,1.99,2.99,,5702014973497,,"",1,,,
"71000-14","Collectable Minifigures","Series 09",2013,"Mr. Good and Evil",1,6,1.99,2.99,,5702014973497,,"",1,,,
"71000-15","Collectable Minifigures","Series 09",2013,"Forest Maiden",1,7,1.99,2.99,,5702014973497,,"",1,,,
"71000-16","Collectable Minifigures","Series 09",2013,"Plumber",1,6,1.99,2.99,,5702014973497,,"",1,,,
"71001-1","Collectable Minifigures","Series 10",2013,"Librarian",1,7,1.99,2.99,,,,"",1,5.9500,149.5000,
"71001-2","Collectable Minifigures","Series 10",2013,"Medusa",1,5,1.99,2.99,,,,"",1,,,
"71001-3","Collectable Minifigures","Series 10",2013,"Roman Commander",1,8,1.99,2.99,,,,"",1,,,
"71001-4","Collectable Minifigures","Series 10",2013,"Warrior Woman",1,7,1.99,2.99,,,,"",1,,,
"71001-5","Collectable Minifigures","Series 10",2013,"Tomahawk Warrior",1,6,1.99,2.99,,,,"",1,,,
"71001-6","Collectable Minifigures","Series 10",2013,"Skydiver",1,5,1.99,2.99,,,,"",2,,,
"71001-7","Collectable Minifigures","Series 10",2013,"Bumblebee Girl",1,7,1.99,2.99,,,,"",1,,,
"71001-8","Collectable Minifigures","Series 10",2013,"Grandpa",1,7,1.99,2.99,,,,"",1,,,
"71001-9","Collectable Minifigures","Series 10",2013,"Paintball Player",1,7,1.99,2.99,3.49,,,"",1,,,
"71001-10","Collectable Minifigures","Series 10",2013,"Sea Captain",1,7,1.99,2.99,,,,"",1,,,
"71001-11","Collectable Minifigures","Series 10",2013,"Sad Clown",1,6,1.99,2.99,,,,"",1,,,
"71001-12","Collectable Minifigures","Series 10",2013,"Revolutionary Soldier",1,6,1.99,2.99,,,,"",1,,,
"71001-13","Collectable Minifigures","Series 10",2013,"Baseball Fielder",1,5,1.99,2.99,,,,"",1,,,
"71001-14","Collectable Minifigures","Series 10",2013,"Trendsetter",1,7,1.99,2.99,,,,"",1,,,
"71001-15","Collectable Minifigures","Series 10",2013,"Decorator",1,7,1.99,2.99,,,,"",1,,,
"71001-16","Collectable Minifigures","Series 10",2013,"Motorcycle Mechanic",1,6,1.99,2.99,,,,"",1,,,
"71002-1","Collectable Minifigures","Series 11",2013,"Barbarian",1,7,1.99,2.99,,,,"",1,4.9000,97.5000,
"71002-2","Collectable Minifigures","Series 11",2013,"Scarecrow",1,7,1.99,2.99,,,,"",1,,,
"71002-3","Collectable Minifigures","Series 11",2013,"Pretzel Girl",1,7,1.99,2.99,,,,"",1,,,
"71002-4","Collectable Minifigures","Series 11",2013,"Evil Mech",1,8,1.99,2.99,,,,"",1,,,
"71002-5","Collectable Minifigures","Series 11",2013,"Island Warrior",1,7,1.99,2.99,,,,"",1,,,
"71002-6","Collectable Minifigures","Series 11",2013,"Gingerbread Man",1,5,1.99,2.99,,,,"",1,,,
"71002-7","Collectable Minifigures","Series 11",2013,"Holiday Elf",1,8,1.99,2.99,,,,"",1,,,
"71002-8","Collectable Minifigures","Series 11",2013,"Yeti",1,5,1.99,2.99,,,,"",1,,,
"71002-9","Collectable Minifigures","Series 11",2013,"Mountain Climber",1,7,1.99,2.99,3.49,,,"",1,,,
"71002-10","Collectable Minifigures","Series 11",2013,"Welder",1,7,1.99,2.99,,,,"",1,,,
"71002-11","Collectable Minifigures","Series 11",2013,"Scientist",1,7,1.99,2.99,,,,"",1,,,
"71002-12","Collectable Minifigures","Series 11",2013,"Saxophone Player",1,6,1.99,2.99,,,,"",1,,,
"71002-13","Collectable Minifigures","Series 11",2013,"Diner Waitress",1,10,1.99,2.99,,,,"",1,,,
"71002-14","Collectable Minifigures","Series 11",2013,"Grandma",1,7,1.99,2.99,,,,"",1,,,
"71002-15","Collectable Minifigures","Series 11",2013,"Constable",1,6,1.99,2.99,,,,"",1,,,
"71002-16","Collectable Minifigures","Series 11",2013,"Lady Robot",1,5,1.99,2.99,,,,"",1,,,
"71004-1","Collectable Minifigures","The LEGO Movie",2014,"Calamity Drone",1,7,2.5,2.99,,5702015115780,,"",1,7.3100,111.9600,
"71004-2","Collectable Minifigures","The LEGO Movie",2014,"President Business",1,5,2.5,2.99,,,,"",1,,,
"71004-3","Collectable Minifigures","The LEGO Movie",2014,"Hard Hat Emmet",1,5,2.5,2.99,,,,"",1,,,
"71004-4","Collectable Minifigures","The LEGO Movie",2014,"Wild West Wyldstyle",1,6,2.5,2.99,,,,"",1,,,
"71004-5","Collectable Minifigures","The LEGO Movie",2014,"Abraham Lincoln",1,6,2.5,2.99,,,,"",1,,,
"71004-6","Collectable Minifigures","The LEGO Movie",2014,"Mrs. Scratchen-Post",1,5,2.5,2.99,,,,"",1,,,
"71004-7","Collectable Minifigures","The LEGO Movie",2014,"Scribble-Face Bad Cop",1,6,2.5,2.99,,,,"",1,,,
"71004-8","Collectable Minifigures","The LEGO Movie",2014,"William Shakespeare",1,7,2.5,2.99,,,,"",1,,,
"71004-9","Collectable Minifigures","The LEGO Movie",2014,"Gail the Construction Worker",1,5,2.5,2.99,,,,"",1,,,
"71004-10","Collectable Minifigures","The LEGO Movie",2014,"Larry the Barista",1,5,2.5,2.99,,,,"",1,,,
"71004-11","Collectable Minifigures","The LEGO Movie",2014,"Velma Staplebot",1,5,2.5,2.99,,,,"",1,,,
"71004-12","Collectable Minifigures","The LEGO Movie",2014,"Taco Tuesday Guy",1,9,2.5,2.99,,,,"",1,,,
"71004-13","Collectable Minifigures","The LEGO Movie",2014,"Where are my Pants? Guy",1,5,2.5,2.99,,,,"",1,,,
"71004-14","Collectable Minifigures","The LEGO Movie",2014,"Wiley Fusebot",1,7,2.5,2.99,,,,"",1,,,
"71004-15","Collectable Minifigures","The LEGO Movie",2014,"Panda Guy",1,5,2.5,2.99,,,,"",1,,,
"71004-16","Collectable Minifigures","The LEGO Movie",2014,"Marsha Queen of the Mermaids",1,6,2.5,2.99,,,,"",1,,,
"71005-1","Collectable Minifigures","The Simpsons",2014,"Homer Simpson",1,6,2.5,3.99,,,,"",1,3.7300,,
"71005-2","Collectable Minifigures","The Simpsons",2014,"Bart Simpson",1,7,2.5,3.99,,,,"",1,,,
"71005-3","Collectable Minifigures","The Simpsons",2014,"Marge Simpson",1,8,2.5,3.99,,,,"",1,,,
"71005-4","Collectable Minifigures","The Simpsons",2014,"Lisa Simpson",1,6,2.5,3.99,,,,"",1,,,
"71005-5","Collectable Minifigures","The Simpsons",2014,"Maggie Simpson",1,4,2.5,3.99,,,,"",1,,,
"71005-6","Collectable Minifigures","The Simpsons",2014,"Grampa Simpson",1,5,2.5,3.99,,,,"",1,,,
"71005-7","Collectable Minifigures","The Simpsons",2014,"Ned Flanders",1,6,2.5,3.99,,,,"",1,,,
"71005-8","Collectable Minifigures","The Simpsons",2014,"Krusty the Clown",1,5,2.5,3.99,,,,"",1,,,
"71005-9","Collectable Minifigures","The Simpsons",2014,"Milhouse Van Houten",1,5,2.5,3.99,,,,"",1,,,
"71005-10","Collectable Minifigures","The Simpsons",2014,"Ralph Wiggum",1,5,2.5,3.99,,,,"",1,,,
"71005-11","Collectable Minifigures","The Simpsons",2014,"Apu Nahasapeemapetilon",1,5,2.5,3.99,,,,"",1,,,
"71005-12","Collectable Minifigures","The Simpsons",2014,"Nelson Muntz",1,5,2.5,3.99,,,,"",1,,,
"71005-13","Collectable Minifigures","The Simpsons",2014,"Itchy",1,5,2.5,3.99,,,,"",1,,,
"71005-14","Collectable Minifigures","The Simpsons",2014,"Scratchy",1,6,2.5,3.99,,,,"",1,,,
"71005-15","Collectable Minifigures","The Simpsons",2014,"Chief Wiggum",1,6,2.5,3.99,,,,"",1,,,
"71005-16","Collectable Minifigures","The Simpsons",2014,"Mr. Burns",1,6,2.5,3.99,,,,"",1,,,
"71007-1","Collectable Minifigures","Series 12",2014,"Wizard",1,10,2.49,3.99,,,,"",1,2.6200,4.5200,
"71007-2","Collectable Minifigures","Series 12",2014,"Hun Warrior",1,9,2.49,3.99,,,,"",1,,,
"71007-3","Collectable Minifigures","Series 12",2014,"Fairytale Princess",1,6,2.49,3.99,,,,"",1,,,
"71007-4","Collectable Minifigures","Series 12",2014,"Video Game Guy",1,6,2.49,3.99,,,,"",1,,,
"71007-5","Collectable Minifigures","Series 12",2014,"Battle Goddess",1,9,2.49,3.99,,,,"",1,,,
"71007-6","Collectable Minifigures","Series 12",2014,"Space Miner",1,9,2.49,3.99,,,,"",1,,,
"71007-7","Collectable Minifigures","Series 12",2014,"Lifeguard",1,7,2.49,3.99,,,,"",1,,,
"71007-8","Collectable Minifigures","Series 12",2014,"Prospector",1,7,2.49,3.99,,,,"",1,,,
"71007-9","Collectable Minifigures","Series 12",2014,"Jester",1,7,2.49,3.99,,,,"",1,,,
"71007-10","Collectable Minifigures","Series 12",2014,"Dino Tracker",1,7,2.49,3.99,,,,"",1,,,
"71007-11","Collectable Minifigures","Series 12",2014,"Pizza Delivery Man",1,7,2.49,3.99,,,,"",1,,,
"71007-12","Collectable Minifigures","Series 12",2014,"Rock Star",1,6,2.49,3.99,,,,"",1,,,
"71007-13","Collectable Minifigures","Series 12",2014,"Swashbuckler",1,7,2.49,3.99,,,,"",1,,,
"71007-14","Collectable Minifigures","Series 12",2014,"Piggy Guy",1,6,2.49,3.99,,,,"",3,,,
"71007-15","Collectable Minifigures","Series 12",2014,"Genie Girl",1,6,2.49,3.99,,,,"",1,,,
"71007-16","Collectable Minifigures","Series 12",2014,"Spooky Girl",1,7,2.49,3.99,,,,"",1,,,
"71008-1","Collectable Minifigures","Series 13",2015,"Classic King",1,9,2.49,3.99,,5702015353021,673419231510,"",2,57.4400,,
"71008-2","Collectable Minifigures","Series 13",2015,"Sheriff",1,8,2.49,3.99,,5702015353021,673419231510,"",1,,,
"71008-3","Collectable Minifigures","Series 13",2015,"Unicorn Girl",1,6,2.49,3.99,,5702015353021,673419231510,"",2,,,
"71008-4","Collectable Minifigures","Series 13",2015,"Snake Charmer",1,7,2.49,3.99,,5702015353021,673419231510,"",1,,,
"71008-5","Collectable Minifigures","Series 13",2015,"Goblin",1,7,2.49,3.99,,5702015353021,673419231510,"",2,,,
"71008-6","Collectable Minifigures","Series 13",2015,"Paleontologist",1,7,2.49,3.99,,5702015353021,673419231510,"",1,,,
"71008-7","Collectable Minifigures","Series 13",2015,"Alien Trooper",1,6,2.49,3.99,,5702015353021,673419231510,"",2,,,
"71008-8","Collectable Minifigures","Series 13",2015,"Egyptian Warrior",1,7,2.49,3.99,,5702015353021,673419231510,"",1,,,
"71008-9","Collectable Minifigures","Series 13",2015,"Carpenter",1,7,2.49,3.99,,5702015353021,673419231510,"",1,,,
"71008-10","Collectable Minifigures","Series 13",2015,"Evil Wizard",1,10,2.49,3.99,,5702015353021,673419231510,"",2,,,
"71008-11","Collectable Minifigures","Series 13",2015,"Fencer",1,6,2.49,3.99,,5702015353021,673419231510,"",2,,,
"71008-12","Collectable Minifigures","Series 13",2015,"Samurai",1,8,2.49,3.99,,5702015353021,673419231510,"",1,,,
"71008-13","Collectable Minifigures","Series 13",2015,"Disco Diva",1,8,2.49,3.99,,5702015353021,673419231510,"",1,,,
"71008-14","Collectable Minifigures","Series 13",2015,"Hot Dog Man",1,5,2.49,3.99,,5702015353021,673419231510,"",10,,,
"71008-15","Collectable Minifigures","Series 13",2015,"Lady Cyclops",1,6,2.49,3.99,,5702015353021,673419231510,"",1,,,
"71008-16","Collectable Minifigures","Series 13",2015,"Galaxy Trooper",1,8,2.49,3.99,,5702015353021,673419231510,"",1,,,
"71009-1","Collectable Minifigures","The Simpsons series 2",2015,"Homer",1,4,2.49,3.99,,,,"",1,1.1300,28.4800,
"71009-2","Collectable Minifigures","The Simpsons series 2",2015,"Marge",1,9,2.49,3.99,,,,"",1,,,
"71009-3","Collectable Minifigures","The Simpsons series 2",2015,"Lisa",1,5,2.49,3.99,,,,"",1,,,
"71009-4","Collectable Minifigures","The Simpsons series 2",2015,"Maggie",1,3,2.49,3.99,,,,"",1,,,
"71009-5","Collectable Minifigures","The Simpsons series 2",2015,"Bart",1,5,2.49,3.99,,,,"",1,,,
"71009-6","Collectable Minifigures","The Simpsons series 2",2015,"Milhouse",1,5,2.49,3.99,,,,"",1,,,
"71009-7","Collectable Minifigures","The Simpsons series 2",2015,"Comic Book Guy",1,5,2.49,3.99,,,,"",1,,,
"71009-8","Collectable Minifigures","The Simpsons series 2",2015,"Martin",1,4,2.49,3.99,,,,"",1,,,
"71009-9","Collectable Minifigures","The Simpsons series 2",2015,"Professor Frink",1,4,2.49,3.99,,,,"",1,,,
"71009-10","Collectable Minifigures","The Simpsons series 2",2015,"Hans Moleman",1,4,2.49,3.99,,,,"",1,,,
"71009-11","Collectable Minifigures","The Simpsons series 2",2015,"Selma",1,5,2.49,3.99,,,,"",1,,,
"71009-12","Collectable Minifigures","The Simpsons series 2",2015,"Patty",1,5,2.49,3.99,,,,"",1,,,
"71009-13","Collectable Minifigures","The Simpsons series 2",2015,"Groundskeeper Willie",1,4,2.49,3.99,,,,"",1,,,
"71009-14","Collectable Minifigures","The Simpsons series 2",2015,"Edna Krabappel",1,6,2.49,3.99,,,,"",1,,,
"71009-15","Collectable Minifigures","The Simpsons series 2",2015,"Smithers",1,5,2.49,3.99,,,,"",1,,,
"71009-16","Collectable Minifigures","The Simpsons series 2",2015,"Dr Hibbert",1,4,2.49,3.99,,,,"",1,,,
"71010-1","Collectable Minifigures","Series 14",2015,"Wolf Guy",1,5,2.49,3.99,,,,"",2,67.8400,47.9900,
"71010-2","Collectable Minifigures","Series 14",2015,"Zombie Pirate",1,6,2.49,3.99,,,,"",1,,,
"71010-3","Collectable Minifigures","Series 14",2015,"Monster Scientist",1,5,2.49,3.99,,,,"",1,,,
"71010-4","Collectable Minifigures","Series 14",2015,"Wacky Witch",1,7,2.49,3.99,,,,"",1,,,
"71010-5","Collectable Minifigures","Series 14",2015,"Plant Monster",1,6,2.49,3.99,,,,"",1,,,
"71010-6","Collectable Minifigures","Series 14",2015,"Fly Monster",1,4,2.49,3.99,,,,"",1,,,
"71010-7","Collectable Minifigures","Series 14",2015,"Spectre",1,6,2.49,3.99,,,,"",1,,,
"71010-8","Collectable Minifigures","Series 14",2015,"Zombie Cheerleader",1,6,2.49,3.99,,,,"",1,,,
"71010-9","Collectable Minifigures","Series 14",2015,"Tiger Woman",1,5,2.49,3.99,,,,"",1,,,
"71010-10","Collectable Minifigures","Series 14",2015,"Gargoyle",1,5,2.49,3.99,,,,"",2,,,
"71010-11","Collectable Minifigures","Series 14",2015,"Skeleton Guy",1,5,2.49,3.99,,,,"",1,,,
"71010-12","Collectable Minifigures","Series 14",2015,"Monster Rocker",1,5,2.49,3.99,,,,"",1,,,
"71010-13","Collectable Minifigures","Series 14",2015,"Zombie Businessman",1,6,2.49,3.99,,,,"",1,,,
"71010-14","Collectable Minifigures","Series 14",2015,"Banshee",1,4,2.49,3.99,,,,"",1,,,
"71010-15","Collectable Minifigures","Series 14",2015,"Square Foot",1,4,2.49,3.99,,,,"",2,,,
"71010-16","Collectable Minifigures","Series 14",2015,"Spider Lady",1,7,2.49,3.99,,,,"",1,,,
"71011-1","Collectable Minifigures","Series 15",2016,"Farmer",1,6,2.49,3.99,,,673419249423,"",1,3.1300,44.5000,
"71011-2","Collectable Minifigures","Series 15",2016,"Astronaut",1,8,2.49,3.99,,,673419249423,"",1,,,
"71011-3","Collectable Minifigures","Series 15",2016,"Frightening Knight",1,7,2.49,3.99,,,673419249423,"",1,,,
"71011-4","Collectable Minifigures","Series 15",2016,"Clumsy Guy",1,6,2.49,3.99,,,673419249423,"",1,,,
"71011-5","Collectable Minifigures","Series 15",2016,"Tribal Woman",1,6,2.49,3.99,,,673419249423,"",1,,,
"71011-6","Collectable Minifigures","Series 15",2016,"Flying Warrior",1,10,2.49,3.99,,,673419249423,"",1,,,
"71011-7","Collectable Minifigures","Series 15",2016,"Faun",1,5,2.49,3.99,,,673419249423,"",1,,,
"71011-8","Collectable Minifigures","Series 15",2016,"Animal Control Officer",1,6,2.49,3.99,,,673419249423,"",1,,,
"71011-9","Collectable Minifigures","Series 15",2016,"Janitor",1,6,2.49,3.99,,,673419249423,"",1,,,
"71011-10","Collectable Minifigures","Series 15",2016,"Ballerina",1,5,2.49,3.99,,,673419249423,"",1,,,
"71011-11","Collectable Minifigures","Series 15",2016,"Laser Mech",1,8,2.49,3.99,,,673419249423,"",1,,,
"71011-12","Collectable Minifigures","Series 15",2016,"Kendo Fighter",1,6,2.49,3.99,,,673419249423,"",1,,,
"71011-13","Collectable Minifigures","Series 15",2016,"Shark Suit Guy",1,4,2.49,3.99,,,673419249423,"",1,,,
"71011-14","Collectable Minifigures","Series 15",2016,"Wrestling Champion",1,5,2.49,3.99,,,673419249423,"",1,,,
"71011-15","Collectable Minifigures","Series 15",2016,"Jewel Thief",1,7,2.49,3.99,,,673419249423,"",1,,,
"71011-16","Collectable Minifigures","Series 15",2016,"Queen",1,7,2.49,3.99,,,673419249423,"",1,,,
"71012-1","Collectable Minifigures","Disney",2016,"Stitch",1,3,2.49,3.99,,,673419249430,"",1,3.0000,4.5000,
"71012-2","Collectable Minifigures","Disney",2016,"Alien",1,3,2.49,3.99,,,673419249430,"",1,,,
"71012-3","Collectable Minifigures","Disney",2016,"Buzz Lightyear",1,7,2.49,3.99,,,673419249430,"",1,,,
"71012-4","Collectable Minifigures","Disney",2016,"Aladdin",1,5,2.49,3.99,,,673419249430,"",1,,,
"71012-5","Collectable Minifigures","Disney",2016,"Genie",1,6,2.49,3.99,,,673419249430,"",1,,,
"71012-6","Collectable Minifigures","Disney",2016,"Maleficent",1,9,2.49,3.99,,,673419249430,"",1,,,
"71012-7","Collectable Minifigures","Disney",2016,"Alice",1,7,2.49,3.99,,,673419249430,"",1,,,
"71012-8","Collectable Minifigures","Disney",2016,"Cheshire Cat",1,4,2.49,3.99,,,673419249430,"",1,,,
"71012-9","Collectable Minifigures","Disney",2016,"Daisy Duck",1,5,2.49,3.99,,,673419249430,"",1,,,
"71012-10","Collectable Minifigures","Disney",2016,"Donald Duck",1,5,2.49,3.99,,,673419249430,"",1,,,
"71012-11","Collectable Minifigures","Disney",2016,"Minnie Mouse",1,5,2.49,3.99,,,673419249430,"",1,,,
"71012-12","Collectable Minifigures","Disney",2016,"Mickey Mouse",1,3,2.49,3.99,,,673419249430,"",1,,,
"71012-13","Collectable Minifigures","Disney",2016,"Mr. Incredible",1,5,2.49,3.99,,,673419249430,"",1,,,
"71012-14","Collectable Minifigures","Disney",2016,"Syndrome",1,6,,3.99,,,673419249430,"",1,,,
"71012-15","Collectable Minifigures","Disney",2016,"Peter Pan",1,6,2.49,3.99,,,673419249430,"",1,,,
"71012-16","Collectable Minifigures","Disney",2016,"Captain Hook",1,5,2.49,3.99,,,673419249430,"",1,,,
"71012-17","Collectable Minifigures","Disney",2016,"Ursula",1,5,2.49,3.99,3.99,,673419249430,"",1,,,
"71012-18","Collectable Minifigures","Disney",2016,"Ariel",1,6,2.49,3.99,,,673419249430,"",1,,,
"71013-1","Collectable Minifigures","Series 16",2016,"Ice Queen",1,11,2.49,3.99,,,673419249553,"",1,1.9500,42.5000,
"71013-2","Collectable Minifigures","Series 16",2016,"Desert Warrior",1,5,2.49,3.99,,,673419249553,"",1,,,
"71013-3","Collectable Minifigures","Series 16",2016,"Cyborg",1,7,2.49,3.99,,,673419249553,"",1,,,
"71013-4","Collectable Minifigures","Series 16",2016,"Cute Little Devil",1,9,2.49,3.99,,,673419249553,"",1,,,
"71013-5","Collectable Minifigures","Series 16",2016,"Spooky Boy",1,6,2.49,3.99,,,673419249553,"",1,,,
"71013-6","Collectable Minifigures","Series 16",2016,"Hiker",1,7,2.49,3.99,,,673419249553,"",1,,,
"71013-7","Collectable Minifigures","Series 16",2016,"Wildlife Photographer",1,7,2.49,3.99,,,673419249553,"",1,,,
"71013-8","Collectable Minifigures","Series 16",2016,"Kickboxer",1,6,2.49,3.99,,,673419249553,"",1,,,
"71013-9","Collectable Minifigures","Series 16",2016,"Scallywag Pirate",1,6,2.49,3.99,,,673419249553,"",1,,,
"71013-10","Collectable Minifigures","Series 16",2016,"Penguin Boy",1,6,2.49,3.99,,,673419249553,"",1,,,
"71013-11","Collectable Minifigures","Series 16",2016,"Rogue",1,6,2.49,3.99,,,673419249553,"",1,,,
"71013-12","Collectable Minifigures","Series 16",2016,"Dog Show Winner",1,6,2.49,3.99,,,673419249553,"",1,,,
"71013-13","Collectable Minifigures","Series 16",2016,"Mariachi",1,6,2.49,3.99,,,673419249553,"",1,,,
"71013-14","Collectable Minifigures","Series 16",2016,"Spy",1,8,2.49,3.99,,,673419249553,"",1,,,
"71013-15","Collectable Minifigures","Series 16",2016,"Banana Guy",1,4,2.49,3.99,,,673419249553,"",1,,,
"71013-16","Collectable Minifigures","Series 16",2016,"Babysitter",2,6,2.49,3.99,3.99,,673419249553,"",1,,,
"71017-1","Collectable Minifigures","The LEGO Batman Movie",2017,"Lobster-Lovin' Batman",1,6,,,,,,"",1,3.1600,,
"71017-2","Collectable Minifigures","The LEGO Batman Movie",2017,"Glam Metal Batman",1,7,,,,,,"",1,,,
"71017-3","Collectable Minifigures","The LEGO Batman Movie",2017,"Fairy Batman",1,7,,,,,,"",1,,,
"71017-4","Collectable Minifigures","The LEGO Batman Movie",2017,"Clan of the Cave Batman",1,6,,,,,,"",1,,,
"71017-5","Collectable Minifigures","The LEGO Batman Movie",2017,"Vacation Batman",1,7,,,,,,"",1,,,
"71017-6","Collectable Minifigures","The LEGO Batman Movie",2017,"Barbara Gordon",1,7,,,,,,"",1,,,
"71017-7","Collectable Minifigures","The LEGO Batman Movie",2017,"Commissioner Gordon",1,6,,,,,,"",1,,,
"71017-8","Collectable Minifigures","The LEGO Batman Movie",2017,"Arkham Asylum Joker",1,5,,,,,,"",1,,,
"71017-9","Collectable Minifigures","The LEGO Batman Movie",2017,"Dick Grayson",1,6,,,,,,"",1,,,
"71017-10","Collectable Minifigures","The LEGO Batman Movie",2017,"Pink Power Batgirl",1,7,,,,,,"",1,,,
"71017-11","Collectable Minifigures","The LEGO Batman Movie",2017,"Red Hood",1,8,,,,,,"",1,,,
"71017-12","Collectable Minifigures","The LEGO Batman Movie",2017,"Eraser",1,5,,,,,,"",1,,,
"71017-13","Collectable Minifigures","The LEGO Batman Movie",2017,"Nurse Harley Quinn",1,6,,,,,,"",1,,,
"71017-14","Collectable Minifigures","The LEGO Batman Movie",2017,"Orca",1,4,,,,,,"",1,,,
"71017-15","Collectable Minifigures","The LEGO Batman Movie",2017,"Zodiac Master",1,5,,,,,,"",1,,,
"71017-16","Collectable Minifigures","The LEGO Batman Movie",2017,"Catman",1,8,,,,,,"",1,,,
"71017-17","Collectable Minifigures","The LEGO Batman Movie",2017,"March Harriet",1,5,,,,,,"",1,,,
"71017-18","Collectable Minifigures","The LEGO Batman Movie",2017,"Calculator",1,7,,,,,,"",1,,,
"71017-19","Collectable Minifigures","The LEGO Batman Movie",2017,"King Tut",1,7,,,,,,"",1,,,
"71017-20","Collectable Minifigures","The LEGO Batman Movie",2017,"Mime",1,6,,,,,,"",1,,,
"71018-1","Collectable Minifigures","Series 17",2017,"Professional Surfer",1,5,,,,,,"",1,3.4600,,
"71018-2","Collectable Minifigures","Series 17",2017,"Circus Strong Man",1,5,,,,,,"",1,,,
"71018-3","Collectable Minifigures","Series 17",2017,"Gourmet Chef",1,6,,,,,,"",1,,,
"71018-4","Collectable Minifigures","Series 17",2017,"Corn Cob Guy",1,4,,,,,,"",1,,,
"71018-5","Collectable Minifigures","Series 17",2017,"Veterinarian",1,5,,,,,,"",1,,,
"71018-6","Collectable Minifigures","Series 17",2017,"Hot Dog Man",1,7,,,,,,"",1,,,
"71018-7","Collectable Minifigures","Series 17",2017,"Butterfly Girl",1,9,,,,,,"",1,,,
"71018-8","Collectable Minifigures","Series 17",2017,"Roman Gladiator",1,5,,,,,,"",1,,,
"71018-9","Collectable Minifigures","Series 17",2017,"Connoisseur",1,6,,,,,,"",1,,,
"71018-10","Collectable Minifigures","Series 17",2017,"Battle Dwarf",1,8,,,,,,"",3,,,
"71018-11","Collectable Minifigures","Series 17",2017,"Retro Spaceman",1,6,,,,,,"",1,,,
"71018-12","Collectable Minifigures","Series 17",2017,"Yuppie",1,7,,,,,,"",1,,,
"71018-13","Collectable Minifigures","Series 17",2017,"Rocket Boy",1,6,,,,,,"",1,,,
"71018-14","Collectable Minifigures","Series 17",2017,"Dance Instructor",1,6,,,,,,"",1,,,
"71018-15","Collectable Minifigures","Series 17",2017,"Elf Girl",1,6,,,,,,"",1,,,
"71018-16","Collectable Minifigures","Series 17",2017,"Highwayman",1,8,2.99,3.99,3.99,,,"",1,,,
"71019-1","Collectable Minifigures","The LEGO Ninjago Movie",2017,"Kai Kendo",,7,,,,,,"",1,88.4800,,
"71019-2","Collectable Minifigures","The LEGO Ninjago Movie",2017,"Spinjitzu Training Nya",,6,,,,,,"",1,,,
"71019-3","Collectable Minifigures","The LEGO Ninjago Movie",2017,"Lloyd",,9,,,,,,"",1,,,
"71019-4","Collectable Minifigures","The LEGO Ninjago Movie",2017,"Master Wu",,8,,,,,,"",1,,,
"71019-5","Collectable Minifigures","The LEGO Ninjago Movie",2017,"Garmadon",,7,,,,,,"",1,,,
"71019-6","Collectable Minifigures","The LEGO Ninjago Movie",2017,"Jay Walker",,9,,,,,,"",1,,,
"71019-7","Collectable Minifigures","The LEGO Ninjago Movie",2017,"Lloyd Garmadon",,6,,,,,,"",2,,,
"71019-8","Collectable Minifigures","The LEGO Ninjago Movie",2017,"Cole",,5,,,,,,"",1,,,
"71019-9","Collectable Minifigures","The LEGO Ninjago Movie",2017,"Misako",,5,,,,,,"",1,,,
"71019-10","Collectable Minifigures","The LEGO Ninjago Movie",2017,"Zane",1,5,,,,,,"",1,,,
"71019-11","Collectable Minifigures","The LEGO Ninjago Movie",2017,"Shark Army General #1",1,7,,,,,,"",1,,,
"71019-12","Collectable Minifigures","The LEGO Ninjago Movie",2017,"Shark Army Octopus",1,8,,,,,,"",1,,,
"71019-13","Collectable Minifigures","The LEGO Ninjago Movie",2017,"Shark Army Angler",1,7,,,,,,"",1,,,
"71019-14","Collectable Minifigures","The LEGO Ninjago Movie",2017,"Shark Army Great White",1,6,,,,,,"",1,,,
"71019-15","Collectable Minifigures","The LEGO Ninjago Movie",2017,"Flashback Garmadon",1,8,,,,,,"",1,,,
"71019-16","Collectable Minifigures","The LEGO Ninjago Movie",2017,"Volcano Garmadon",1,7,,,,,,"",1,,,
"71019-17","Collectable Minifigures","The LEGO Ninjago Movie",2017,"Gong & Guitar Rocker",1,6,,,,,,"",1,,,
"71019-18","Collectable Minifigures","The LEGO Ninjago Movie",2017,"GPL Tech",1,6,,,,,,"",1,,,
"71019-19","Collectable Minifigures","The LEGO Ninjago Movie",2017,"Sushi Chef",1,8,,,,,,"",1,,,
"71019-20","Collectable Minifigures","The LEGO Ninjago Movie",2017,"N-POP Girl",1,6,,,,,,"",1,,,
"71173-1","Dimensions","Starter Pack",2015,"Starter Pack: Xbox 360",,267,89.99,59.99,87.99,,,"",1,35.3900,,
"71245-1","Dimensions","Level Pack",2016,"Adventure Time Level Pack",1,102,29.99,29.99,29.99,,,"",1,20.7000,,
"71342-1","Dimensions","Promotional",2016,"Green Arrow",1,7,,,,,,"",1,15.0000,23.5900,
"75000-1","Star Wars","Episode II",2013,"Clone Troopers vs. Droidekas",4,124,11.99,12.99,15.99,5702014974937,673419191579,"",1,18.5600,8.0000,
"75001-1","Star Wars","The Old Republic",2013,"Republic Troopers vs. Sith Troopers",4,63,11.99,12.99,15.99,5702014974913,673419191562,"",1,14.9900,9.9900,
"75002-1","Star Wars","The Clone Wars",2013,"AT-RT",4,222,19.99,19.99,24.99,5702014974906,673419191555,"",1,19.9900,17.1800,
"75003-1","Star Wars","Episode VI",2013,"A-wing Starfighter",3,177,24.99,24.99,29.99,5702014974890,673419191548,"",1,32.1700,21.2000,
"75006-1","Star Wars","Planet Set",2013,"Jedi Starfighter & Planet Kamino",1,61,9.99,9.99,12.99,5702014974241,673419191296,"",1,11.6400,7.0000,
"75007-1","Star Wars","Planet Set",2013,"Republic Assault Ship & Planet Coruscant",1,74,9.99,9.99,12.99,5702014974258,673419191302,"",1,10.8000,7.9300,
"75008-1","Star Wars","Planet Set",2013,"TIE Bomber & Asteroid Field",1,60,9.99,9.99,12.99,5702014974265,673419191319,"",1,10.0900,7.3700,
"75013-1","Star Wars","The Clone Wars",2013,"Umbaran MHC (Mobile Heavy Cannon)",4,493,49.99,49.99,64.99,5702014974852,,"",1,35.0000,18.0000,
"75015-1","Star Wars","Episode II",2013,"Corporate Alliance Tank Droid",3,271,19.99,19.99,24.99,5702014974838,673419191487,"",1,32.8600,20.0000,
"75016-1","Star Wars","Episode II",2013,"Homing Spider Droid",4,295,29.99,29.99,39.99,5702014974821,673419191470,"",1,28.0000,19.9500,
"75030-1","Star Wars","MicroFighters",2014,"Millennium Falcon",1,94,8.99,9.99,12.99,5702015121019,673419209212,"",1,16.5000,13.5000,
"75031-1","Star Wars","MicroFighters",2014,"TIE Interceptor",1,92,8.99,9.99,12.99,5702015121026,673419209229,"",1,11.1400,8.0000,
"75032-1","Star Wars","MicroFighters",2014,"X-Wing Fighter",1,97,8.99,9.99,12.99,5702015121033,673419209236,"",1,10.0000,7.9900,
"75034-1","Star Wars","Episode IV",2014,"Death Star Troopers",4,102,11.99,12.99,15.99,5702015121088,673419209281,"",1,16.1700,7.9500,
"75035-1","Star Wars","Episode III",2014,"Kashyyyk Troopers",4,99,11.99,12.99,15.99,5702015121101,673419209304,"",1,17.4800,12.7700,
"75042-1","Star Wars","Episode III",2014,"Droid Gunship",4,439,44.99,49.99,59.99,5702015119542,673419210065,"",1,45.1700,39.9500,
"75048-1","Star Wars","Rebels",2014,"The Phantom",2,234,19.99,24.99,29.99,5702015122399,673419210119,"",1,33.0000,20.0000,
"75049-1","Star Wars","Episode V",2014,"Snowspeeder",3,278,34.99,29.99,39.99,5702015122405,673419210126,"",1,40.0000,33.3400,
"75050-1","Star Wars","Episode VI",2014,"B-Wing",3,448,49.99,49.99,59.99,5702015122412,673419210133,"",1,34.9900,44.9500,
"75053-1","Star Wars","Rebels",2014,"The Ghost",4,929,69.99,89.99,109.99,5702015122443,673419210263,"",1,112.0000,125.0000,
"75074-1","Star Wars","MicroFighters",2015,"Snowspeeder",1,97,8.99,9.99,12.99,5702015349109,673419230278,"",1,7.0000,5.0000,
"75075-1","Star Wars","MicroFighters",2015,"AT-AT",1,88,8.99,9.99,12.99,5702015349116,673419230285,"",1,8.8000,7.5500,
"75079-1","Star Wars","Legends",2015,"Shadow Troopers",4,95,11.99,12.99,15.99,5702015351140,673419230124,"",1,6.0000,11.0000,
"75082-1","Star Wars","Rebels",2015,"TIE Advanced Prototype",3,355,39.99,39.99,49.99,5702015351157,673419230131,"",1,20.0000,29.0000,
"75099-1","Star Wars","The Force Awakens",2015,"Rey's Speeder",2,193,19.99,19.99,24.99,5702015352611,673419231572,"",1,12.0000,7.5000,
"75108-1","Star Wars","Buildable Figures",2015,"Clone Commander Cody",,82,14.99,19.99,24.99,,673419239783,"",1,8.8000,8.5500,
"75111-1","Star Wars","Buildable Figures",2015,"Darth Vader",,160,24.99,29.99,39.99,,673419239813,"",1,14.0000,20.0000,
"75112-1","Star Wars","Buildable Figures",2015,"General Grievous",,186,29.99,34.99,44.99,,673419239820,"",1,7.4900,14.9900,
"75113-1","Star Wars","Buildable Figures",2016,"Rey",,84,14.99,19.99,24.99,,673419249058,"",1,8.0000,8.8100,
"75114-1","Star Wars","Buildable Figures",2016,"First Order Stormtrooper",,81,14.99,19.99,24.99,,673419248143,"",1,9.0000,3.9400,
"75117-1","Star Wars","Buildable Figures",2016,"Kylo Ren",,86,19.99,24.99,29.99,,673419248112,"",1,13.0000,10.0000,
"75118-1","Star Wars","Buildable Figures",2016,"Captain Phasma",,82,19.99,24.99,29.99,,673419248105,"",1,9.5500,4.7300,
"75120-1","Star Wars","Buildable Figures",2016,"K-2SO",,169,19.99,24.99,29.99,,673419248082,"",1,7.9500,10.5000,
"75147-1","Star Wars","Original Content",2016,"StarScavenger",4,558,54.99,49.99,59.99,,673419248297,"",1,21.0000,,
"75161-1","Star Wars","MicroFighters",2017,"TIE Striker",1,88,8.99,9.99,12.99,,673419265195,"",1,7.0000,,
"76000-1","DC Comics Super Heroes","Batman",2013,"Arctic Batman vs. Mr. Freeze: Aquaman on Ice",3,198,19.99,19.99,24.99,5702014967144,673419190381,"",1,26.9900,5.0000,
"76002-1","DC Comics Super Heroes","DC Extended Universe",2013,"Superman Metropolis Showdown",2,119,11.99,12.99,15.99,5702014972674,673419190404,"",1,7.5000,10.0000,
"76004-1","Marvel Super Heroes","Ultimate Spider-Man",2013,"Spider-Man: Spider-Cycle Chase",3,237,19.99,19.99,24.99,5702014972698,673419190428,"",1,24.5900,18.0000,
"76005-1","Marvel Super Heroes","Ultimate Spider-Man",2013,"Spider-Man: Daily Bugle Showdown",5,476,39.99,49.99,59.99,5702014972704,673419190435,"",1,46.7000,39.2900,
"76006-1","Marvel Super Heroes","Iron Man 3",2013,"Iron Man: Extremis Sea Port Battle ",3,195,19.99,19.99,24.99,5702014972711,673419190442,"",1,24.5900,12.4800,
"76007-1","Marvel Super Heroes","Iron Man 3",2013,"Iron Man: Malibu Mansion Attack",5,364,34.99,39.99,49.99,5702014972728,673419190459,"",1,46.5000,32.0000,
"76008-1","Marvel Super Heroes","Iron Man 3",2013,"Iron Man vs. The Mandarin: Ultimate Showdown",2,91,11.99,12.99,15.99,5702015031820,673419200370,"",1,15.5000,12.5500,
"76011-1","DC Comics Super Heroes","Batman",2014,"Batman: Man-Bat Attack",3,184,19.99,19.99,24.99,5702015128056,673419212502,"",1,18.9700,15.0000,
"76014-1","Marvel Super Heroes","Ultimate Spider-Man",2014,"Spider-Trike vs. Electro",2,70,11.99,12.99,15.99,5702015128780,673419212533,"",1,15.1700,4.9500,
"76031-1","Marvel Super Heroes","Avengers: Age of Ultron",2015,"The Hulk Buster Smash",4,248,29.99,29.99,39.99,5702015354011,673419231930,"",1,22.5200,15.0000,
"76063-1","DC Comics Super Heroes","Mighty Micros",2016,"Mighty Micros: The Flash vs. Captain Cold",2,88,8.99,9.99,12.99,,673419250535,"",1,6.0900,6.7500,
"79010-1","The Hobbit","An Unexpected Journey",2012,"The Goblin King Battle",8,841,79.99,99.99,129.99,5702014961302,673419188272,"",1,115.2600,60.0000,
"79012-1","The Hobbit","The Desolation of Smaug",2013,"Mirkwood Elf Army ",6,276,29.99,29.99,34.99,5702015079075,673419204026,"",2,45.0000,22.2900,
"79016-1","The Hobbit","The Battle of the Five Armies",2014,"Attack on Lake-town",5,313,34.99,29.99,34.99,5702015128001,673419212458,"",1,21.8100,28.9500,
"79100-1","Teenage Mutant Ninja Turtles","TV Series",2013,"Kraang Lab Escape",2,90,9.99,12.99,15.99,5702014972452,673419190374,"",1,10.0000,7.5000,
"88002-1","Power Functions","Trains",2011,"Train Motor",,7,11.99,13.99,19.99,,673419148290,"",2,20.1100,11.4200,
"88004-1","Power Functions","Accessories",2013,"Servo Motor",,1,20.99,24.99,29.99,,673419200844,"",2,21.7400,22.0000,
"850908-1","Gear","Key Chains/Legends of Chima",2014,"Legends of Chima Rogon Key Chain",,,2.99,4.99,5.49,,,"",1,,,
"850998-1","Gear","Key Chains/Star Wars",2014,"Boba Fett",,,3.99,4.99,5.99,,,"",1,,,
"5001267-1","Gear","Storage",2014,"8 stud Yellow Storage Brick",,,29.99,,,,,"",1,,,
"5001621-1","Star Wars","Episode V",2013,"Han Solo (Hoth)",1,5,,,,,673419200127,"",3,4.0500,4.0000,
"5001622-1","Promotional","LEGO brand stores",2013,"LEGO store employee",1,5,,,,,673419200134,"",2,3.2900,5.0000,
"5001623-1","DC Comics Super Heroes","DC Extended Universe",2013,"Jor-El",1,5,,,,,673419200141,"",1,10.5900,7.9400,
"5002126-1","DC Comics Super Heroes","Justice League",2014,"Martian Manhunter ",1,4,0,0,,,,"",1,6.7500,,
"5002127-1","Teenage Mutant Ninja Turtles","Promotional",2014,"Flashback Shredder",1,6,,,,,673419217316,"",1,7.0100,,
"5002136-1","City","Arctic",2014,"Arctic Accessory Set",,27,,,,,,"",1,5.1400,,
"5002145-1","Marvel Super Heroes","Guardians of the Galaxy",2014,"Rocket Raccoon",1,13,4.99,4.99,,,,"",2,5.8500,5.0000,
"5002203-1","The LEGO Movie","Promotional",2014,"Radio DJ Robot",1,4,,,,,673419220989,"",3,9.1200,9.9500,
"5002812-1","Space","Classic",2014,"Classic Spaceman Minifigure",2,19,,,,,673419218757,"",1,5.0000,7.0000,
"5002941-1","Bionicle","Packs",2015,"Hero Pack",,9,0.01,,,,,"",1,1.1900,0.2500,
"5003082-1","Pirates","Classic",2015,"Classic Pirate Minifigure",1,24,,,,,673419241892,"",1,7.0000,11.8100,
"5003565-1","Gear","Storage",2014,"1 stud Blue Storage Brick",,,9.99,,,,,"",2,,,
"5003566-1","Gear","Storage",2014,"1 stud Red Storage Brick",,,9.99,,,,,"",2,,,
"5004390-1","Nexo Knights","Miscellaneous",2016,"King's Guard",1,5,,,,,,"",1,2.8200,,
"5004419-1","Castle","",2016,"Classic Knights Minifigure",1,47,,,,,673419258371,"",1,5.2900,,
"5004933-1","Education","",2017,"Build to Learn",,,,,,,,"",1,,,
"5004936-1","Promotional","Minifigure",2017,"Iconic Cave",,11,,,,,,"",1,7.9900,,







